peter.gibbons@initech.com,"http://ia.media-imdb.com/images/M/MV5BMTg2NjY4MjcwN15BMl5BanBnXkFtZTcwMjM4MzI0Mg@@._V1._SY314_CR138,0,214,314_.jpg"
joanna.anistown@initech.com,"http://ia.media-imdb.com/images/M/MV5BNjk1MjIxNjUxNF5BMl5BanBnXkFtZTcwODk2NzM4Mg@@._V1._SY314_CR2,0,214,314_.jpg"
michael.bolton@initech.com,"http://ia.media-imdb.com/images/M/MV5BMTQ0NDQ2ODY5OV5BMl5BanBnXkFtZTYwMTQxOTgy._V1._SY314_CR8,0,214,314_.jpg"
samir.nagheenanajar@initech.com,"http://ia.media-imdb.com/images/M/MV5BMTY5NjU0NTU5OV5BMl5BanBnXkFtZTYwMTU4MzA2._V1._SY314_CR4,0,214,314_.jpg"
lawrence.bader@initech.com,"http://ia.media-imdb.com/images/M/MV5BMTkzMTkyNzYyOV5BMl5BanBnXkFtZTYwNTMyNDE0._V1._SY314_CR7,0,214,314_.jpg"
milton.waddams@initech.com,"http://ia.media-imdb.com/images/M/MV5BMTg1MDc4MjExNF5BMl5BanBnXkFtZTcwMzQ4OTY0Mw@@._V1._SX214_CR0,0,214,314_.jpg"
bill.lumbergh@initech.com,"http://ia.media-imdb.com/images/M/MV5BMTQwODU5MTU3OF5BMl5BanBnXkFtZTcwMzk2NzMzMw@@._V1._SY314_CR9,0,214,314_.jpg"
tom.smykowski@initech.com,"http://ia.media-imdb.com/images/M/MV5BMTg1MDc4MjExNF5BMl5BanBnXkFtZTcwMzQ4OTY0Mw@@._V1._SX214_CR0,0,214,314_.jpg"
anne.wentworth@initech.com,"http://ia.media-imdb.com/images/M/MV5BMTgzMzU1MzI5N15BMl5BanBnXkFtZTcwMzE2Mzc1MQ@@._V1._SY314_CR10,0,214,314_.jpg"
dom.portwood@initech.com,"http://ia.media-imdb.com/images/M/MV5BMTA5MzkwMzE5NzFeQTJeQWpwZ15BbWU3MDE3ODM2Njc@._V1._SX640_SY893_.jpg"
bob.slydell@initech.com,"http://ia.media-imdb.com/images/M/MV5BMTM5NjQ2OTIwMV5BMl5BanBnXkFtZTcwMjcxOTYyMQ@@._V1._SX300_SY420_.jpg"
bob.porter@initech.com,"http://ia.media-imdb.com/images/M/MV5BMTQzMDE5MzY4OF5BMl5BanBnXkFtZTcwNjcwMTEwNQ@@._V1._SX640_SY839_.jpg"
nina.mcinroe@initech.com,"http://ia.media-imdb.com/images/M/MV5BMjE4Nzg3NzUzMV5BMl5BanBnXkFtZTcwMDY1MzI3NA@@._V1._SX400_SY600_.jpg"
brian.chotchkie@initech.com,"http://ia.media-imdb.com/images/M/MV5BNDEwMTUxNTI4MV5BMl5BanBnXkFtZTYwOTQ4NDcy._V1._SX300_SY439_.jpg"
drew.pitts@initech.com,"http://ia.media-imdb.com/images/M/MV5BMTkxNTM4MTg0Ml5BMl5BanBnXkFtZTcwMzU1NTIzMQ@@._V1._SX350_SY478_.jpg"
