peter@planet.io,"http://ia.media-imdb.com/images/M/MV5BMTg2NjY4MjcwN15BMl5BanBnXkFtZTcwMjM4MzI0Mg@@._V1._SY314_CR138,0,214,314_.jpg"
joanna.anistown@planet.io,"http://ia.media-imdb.com/images/M/MV5BNjk1MjIxNjUxNF5BMl5BanBnXkFtZTcwODk2NzM4Mg@@._V1._SY314_CR2,0,214,314_.jpg"
alex@planet.io,"http://ia.media-imdb.com/images/M/MV5BMTQ0NDQ2ODY5OV5BMl5BanBnXkFtZTYwMTQxOTgy._V1._SY314_CR8,0,214,314_.jpg"
samir.nagheenanajar@planet.io,"http://ia.media-imdb.com/images/M/MV5BMTY5NjU0NTU5OV5BMl5BanBnXkFtZTYwMTU4MzA2._V1._SY314_CR4,0,214,314_.jpg"
lawrence.bader@planet.io,"http://ia.media-imdb.com/images/M/MV5BMTkzMTkyNzYyOV5BMl5BanBnXkFtZTYwNTMyNDE0._V1._SY314_CR7,0,214,314_.jpg"
milton.waddams@planet.io,"http://ia.media-imdb.com/images/M/MV5BMTg1MDc4MjExNF5BMl5BanBnXkFtZTcwMzQ4OTY0Mw@@._V1._SX214_CR0,0,214,314_.jpg"
bill.lumbergh@planet.io,"http://ia.media-imdb.com/images/M/MV5BMTQwODU5MTU3OF5BMl5BanBnXkFtZTcwMzk2NzMzMw@@._V1._SY314_CR9,0,214,314_.jpg"
tom.smykowski@planet.io,"http://ia.media-imdb.com/images/M/MV5BMTg1MDc4MjExNF5BMl5BanBnXkFtZTcwMzQ4OTY0Mw@@._V1._SX214_CR0,0,214,314_.jpg"
anne.wentworth@planet.io,"http://ia.media-imdb.com/images/M/MV5BMTgzMzU1MzI5N15BMl5BanBnXkFtZTcwMzE2Mzc1MQ@@._V1._SY314_CR10,0,214,314_.jpg"
dom.portwood@planet.io,"http://ia.media-imdb.com/images/M/MV5BMTA5MzkwMzE5NzFeQTJeQWpwZ15BbWU3MDE3ODM2Njc@._V1._SX640_SY893_.jpg"
bob.slydell@planet.io,"http://ia.media-imdb.com/images/M/MV5BMTM5NjQ2OTIwMV5BMl5BanBnXkFtZTcwMjcxOTYyMQ@@._V1._SX300_SY420_.jpg"
bob.porter@planet.io,"http://ia.media-imdb.com/images/M/MV5BMTQzMDE5MzY4OF5BMl5BanBnXkFtZTcwNjcwMTEwNQ@@._V1._SX640_SY839_.jpg"
nina.mcinroe@planet.io,"http://ia.media-imdb.com/images/M/MV5BMjE4Nzg3NzUzMV5BMl5BanBnXkFtZTcwMDY1MzI3NA@@._V1._SX400_SY600_.jpg"
brian.chotchkie@planet.io,"http://ia.media-imdb.com/images/M/MV5BNDEwMTUxNTI4MV5BMl5BanBnXkFtZTYwOTQ4NDcy._V1._SX300_SY439_.jpg"
drew.pitts@planet.io,"http://ia.media-imdb.com/images/M/MV5BMTkxNTM4MTg0Ml5BMl5BanBnXkFtZTcwMzU1NTIzMQ@@._V1._SX350_SY478_.jpg"
dwight.schrute@planet.io,"http://ia.media-imdb.com/images/M/MV5BMTQwNDM1MjQ0M15BMl5BanBnXkFtZTcwNTkzNDczMg@@._V1._SY314_CR12,0,214,314_.jpg"
jim.halpert@planet.io,"http://ia.media-imdb.com/images/M/MV5BMTc3MzY3MjQ3OV5BMl5BanBnXkFtZTcwODI3NjQxMw@@._V1._SY314_CR5,0,214,314_.jpg"
pam.beesly@planet.io,"http://ia.media-imdb.com/images/M/MV5BMTMyOTYzODQ5MF5BMl5BanBnXkFtZTcwMjE3MDgzMQ@@._V1._SY314_CR18,0,214,314_.jpg"
stanley.hudson@planet.io,"http://ia.media-imdb.com/images/M/MV5BMjE2MDEzMDEwM15BMl5BanBnXkFtZTcwMTA3NTI3Ng@@._V1._SX640_SY962_.jpg"
kevin.malone@planet.io,"http://ia.media-imdb.com/images/M/MV5BMTk3NDI5NTczMF5BMl5BanBnXkFtZTcwNjcxOTYyMQ@@._V1._SY314_CR5,0,214,314_.jpg"
angela.martin@planet.io,"http://ia.media-imdb.com/images/M/MV5BOTAyNjkwMDEyOF5BMl5BanBnXkFtZTYwNTUyNjg3._V1._SX214_CR0,0,214,314_.jpg"
phyllis.vance@planet.io,"http://ia.media-imdb.com/images/M/MV5BMTAyNjE3NjQ4NTNeQTJeQWpwZ15BbWU3MDU1MTMzMTM@._V1._SX267_SY400_.jpg"
meredith.palmer@planet.io,"http://ia.media-imdb.com/images/M/MV5BMTQ2NzM3NjU0OF5BMl5BanBnXkFtZTcwOTUwMTkyMQ@@._V1._SY314_CR56,0,214,314_.jpg"
creed.bratton@planet.io,"http://ia.media-imdb.com/images/M/MV5BMTgzOTA2NTgyNF5BMl5BanBnXkFtZTcwMjMyMDMzMQ@@._V1._SY314_CR4,0,214,314_.jpg"
oscar.martinez@planet.io,"http://ia.media-imdb.com/images/M/MV5BMTI0NjE5OTg1Ml5BMl5BanBnXkFtZTcwMzkxNTE2Mg@@._V1._SX323_SY400_.jpg"
ryan.howard@planet.io,"http://ia.media-imdb.com/images/M/MV5BMTUwODE5ODIyMV5BMl5BanBnXkFtZTcwNzk1MDQ5Nw@@._V1._SX640_SY960_.jpg"
kelly.kapoor@planet.io,"http://ia.media-imdb.com/images/M/MV5BNzQ2OTUzNDU1MF5BMl5BanBnXkFtZTcwODQ2MTYyNw@@._V1._SX214_CR0,0,214,314_.jpg"
andy.bernard@planet.io,"http://ia.media-imdb.com/images/M/MV5BMTk2MDQwODEwNV5BMl5BanBnXkFtZTcwNjc4MTY0NA@@._V1._SY314_CR16,0,214,314_.jpg"
michael.scott@planet.io,"http://ia.media-imdb.com/images/M/MV5BMjAzMjkzNzA0M15BMl5BanBnXkFtZTcwNzMyNjU3MQ@@._V1._SY314_CR5,0,214,314_.jpg"
toby.flenderson@planet.io,"http://ia.media-imdb.com/images/M/MV5BMTMzNDM1OTIzNl5BMl5BanBnXkFtZTcwMzk3MzM5MQ@@._V1._SX214_CR0,0,214,314_.jpg"
darryl.philbin@planet.io,"http://ia.media-imdb.com/images/M/MV5BMTU4MjIyMTU2Nl5BMl5BanBnXkFtZTcwMzExODEyMw@@._V1._SY314_CR29,0,214,314_.jpg"
errin.hannon@planet.io,"http://ia.media-imdb.com/images/M/MV5BMjIzMDU3NzE4NV5BMl5BanBnXkFtZTcwODQyNTQzNA@@._V1._SY314_CR4,0,214,314_.jpg"
