dwight.schrute@dundermifflin.com,"http://ia.media-imdb.com/images/M/MV5BMTQwNDM1MjQ0M15BMl5BanBnXkFtZTcwNTkzNDczMg@@._V1._SY314_CR12,0,214,314_.jpg"
jim.halpert@dundermifflin.com,"http://ia.media-imdb.com/images/M/MV5BMTc3MzY3MjQ3OV5BMl5BanBnXkFtZTcwODI3NjQxMw@@._V1._SY314_CR5,0,214,314_.jpg"
pam.beesly@dundermifflin.com,"http://ia.media-imdb.com/images/M/MV5BMTMyOTYzODQ5MF5BMl5BanBnXkFtZTcwMjE3MDgzMQ@@._V1._SY314_CR18,0,214,314_.jpg"
stanley.hudson@dundermifflin.com,"http://ia.media-imdb.com/images/M/MV5BMjE2MDEzMDEwM15BMl5BanBnXkFtZTcwMTA3NTI3Ng@@._V1._SX640_SY962_.jpg"
kevin.malone@dundermifflin.com,"http://ia.media-imdb.com/images/M/MV5BMTk3NDI5NTczMF5BMl5BanBnXkFtZTcwNjcxOTYyMQ@@._V1._SY314_CR5,0,214,314_.jpg"
angela.martin@dundermifflin.com,"http://ia.media-imdb.com/images/M/MV5BOTAyNjkwMDEyOF5BMl5BanBnXkFtZTYwNTUyNjg3._V1._SX214_CR0,0,214,314_.jpg"
phyllis.vance@dundermifflin.com,"http://ia.media-imdb.com/images/M/MV5BMTAyNjE3NjQ4NTNeQTJeQWpwZ15BbWU3MDU1MTMzMTM@._V1._SX267_SY400_.jpg"
meredith.palmer@dundermifflin.com,"http://ia.media-imdb.com/images/M/MV5BMTQ2NzM3NjU0OF5BMl5BanBnXkFtZTcwOTUwMTkyMQ@@._V1._SY314_CR56,0,214,314_.jpg"
creed.bratton@dundermifflin.com,"http://ia.media-imdb.com/images/M/MV5BMTgzOTA2NTgyNF5BMl5BanBnXkFtZTcwMjMyMDMzMQ@@._V1._SY314_CR4,0,214,314_.jpg"
oscar.martinez@dundermifflin.com,"http://ia.media-imdb.com/images/M/MV5BMTI0NjE5OTg1Ml5BMl5BanBnXkFtZTcwMzkxNTE2Mg@@._V1._SX323_SY400_.jpg"
ryan.howard@dundermifflin.com,"http://ia.media-imdb.com/images/M/MV5BMTUwODE5ODIyMV5BMl5BanBnXkFtZTcwNzk1MDQ5Nw@@._V1._SX640_SY960_.jpg"
kelly.kapoor@dundermifflin.com,"http://ia.media-imdb.com/images/M/MV5BNzQ2OTUzNDU1MF5BMl5BanBnXkFtZTcwODQ2MTYyNw@@._V1._SX214_CR0,0,214,314_.jpg"
andy.bernard@dundermifflin.com,"http://ia.media-imdb.com/images/M/MV5BMTk2MDQwODEwNV5BMl5BanBnXkFtZTcwNjc4MTY0NA@@._V1._SY314_CR16,0,214,314_.jpg"
michael.scott@dundermifflin.com,"http://ia.media-imdb.com/images/M/MV5BMjAzMjkzNzA0M15BMl5BanBnXkFtZTcwNzMyNjU3MQ@@._V1._SY314_CR5,0,214,314_.jpg"
toby.flenderson@dundermifflin.com,"http://ia.media-imdb.com/images/M/MV5BMTMzNDM1OTIzNl5BMl5BanBnXkFtZTcwMzk3MzM5MQ@@._V1._SX214_CR0,0,214,314_.jpg"
darryl.philbin@dundermifflin.com,"http://ia.media-imdb.com/images/M/MV5BMTU4MjIyMTU2Nl5BMl5BanBnXkFtZTcwMzExODEyMw@@._V1._SY314_CR29,0,214,314_.jpg"
errin.hannon@dundermifflin.com,"http://ia.media-imdb.com/images/M/MV5BMjIzMDU3NzE4NV5BMl5BanBnXkFtZTcwODQyNTQzNA@@._V1._SY314_CR4,0,214,314_.jpg"